,accuracy,lr
0,0.1086,0.0001
1,0.3616,0.0002
2,0.4,0.00030000000000000003
3,0.3521,0.0004
4,0.4192,0.0005
5,0.3608,0.0006000000000000001
6,0.3817,0.0007000000000000001
7,0.4243,0.0008
8,0.3215,0.0009
9,0.4034,0.001
10,0.3728,0.001
11,0.3738,0.001
12,0.3412,0.001
13,0.3817,0.001
14,0.4415,0.001
15,0.4605,0.001
16,0.4611,0.001
17,0.4033,0.001
18,0.4747,0.001
19,0.4308,0.001
20,0.4853,0.001
21,0.4667,0.001
22,0.4985,0.001
23,0.433,0.001
24,0.4512,0.001
25,0.4987,0.001
26,0.5094,0.001
27,0.4994,0.001
28,0.4833,0.001
29,0.4602,0.001
30,0.4759,0.001
31,0.4918,0.001
32,0.4946,0.001
33,0.449,0.001
34,0.4913,0.001
35,0.4764,0.001
36,0.4633,0.001
37,0.5145,0.001
38,0.5069,0.001
39,0.4966,0.001
40,0.4977,0.001
41,0.5035,0.001
42,0.4893,0.001
43,0.5006,0.001
44,0.4992,0.001
45,0.4969,0.001
46,0.4804,0.001
47,0.5321,0.001
48,0.4819,0.001
49,0.5141,0.001
50,0.4955,0.001
51,0.5009,0.001
52,0.5344,0.001
53,0.5007,0.001
54,0.5308,0.001
55,0.5053,0.001
56,0.5047,0.001
57,0.5122,0.001
58,0.4806,0.001
59,0.5061,0.001
60,0.5369,0.001
61,0.5332,0.001
62,0.5286,0.001
63,0.5247,0.001
64,0.5171,0.001
65,0.5163,0.001
66,0.5113,0.001
67,0.5123,0.001
68,0.5103,0.001
69,0.5298,0.001
70,0.5268,0.001
71,0.5329,0.001
72,0.5262,0.001
73,0.5112,0.001
74,0.5147,0.001
75,0.5221,0.001
76,0.5269,0.001
77,0.5138,0.001
78,0.5111,0.001
79,0.5198,0.001
80,0.5253,0.001
81,0.5093,0.001
82,0.5321,0.001
83,0.525,0.001
84,0.5194,0.001
85,0.5225,0.001
86,0.5432,0.001
87,0.523,0.001
88,0.5045,0.001
89,0.5124,0.001
90,0.5019,0.001
91,0.5217,0.001
92,0.5252,0.001
93,0.5282,0.001
94,0.5135,0.001
95,0.5349,0.001
96,0.5174,0.001
97,0.5156,0.001
98,0.5467,0.001
99,0.5363,0.001
100,0.5818,0.0001
101,0.6165,0.0002
102,0.629,0.00030000000000000003
103,0.6174,0.0004
104,0.6137,0.0005
105,0.6133,0.0006000000000000001
106,0.6088,0.0007000000000000001
107,0.6019,0.0008
108,0.5785,0.0009
109,0.6113,0.001
110,0.5984,0.001
111,0.6025,0.001
112,0.5942,0.001
113,0.6064,0.001
114,0.5971,0.001
115,0.592,0.001
116,0.5981,0.001
117,0.5903,0.001
118,0.6024,0.001
119,0.5877,0.001
120,0.5953,0.001
121,0.6058,0.001
122,0.5994,0.001
123,0.6016,0.001
124,0.6056,0.001
125,0.614,0.001
126,0.606,0.001
127,0.6055,0.001
128,0.602,0.001
129,0.5894,0.001
130,0.6028,0.001
131,0.6133,0.001
132,0.5922,0.001
133,0.6145,0.001
134,0.6142,0.001
135,0.6192,0.001
136,0.6263,0.001
137,0.6361,0.001
138,0.6211,0.001
139,0.6173,0.001
140,0.5887,0.001
141,0.6124,0.001
142,0.6068,0.001
143,0.6131,0.001
144,0.6157,0.001
145,0.595,0.001
146,0.6159,0.001
147,0.6152,0.001
148,0.615,0.001
149,0.5961,0.001
150,0.6035,0.001
151,0.6142,0.001
152,0.61,0.001
153,0.6187,0.001
154,0.6062,0.001
155,0.6233,0.001
156,0.6177,0.001
157,0.6151,0.001
158,0.6104,0.001
159,0.612,0.001
160,0.6091,0.001
161,0.6219,0.001
162,0.6202,0.001
163,0.6288,0.001
164,0.6205,0.001
165,0.6061,0.001
166,0.6184,0.001
167,0.6181,0.001
168,0.6168,0.001
169,0.615,0.001
170,0.624,0.001
171,0.6121,0.001
172,0.6227,0.001
173,0.6264,0.001
174,0.6238,0.001
175,0.61,0.001
176,0.6146,0.001
177,0.6097,0.001
178,0.6166,0.001
179,0.6223,0.001
180,0.6222,0.001
181,0.6166,0.001
182,0.6054,0.001
183,0.619,0.001
184,0.6211,0.001
185,0.6216,0.001
186,0.616,0.001
187,0.6251,0.001
188,0.6187,0.001
189,0.6235,0.001
190,0.6251,0.001
191,0.6343,0.001
192,0.6243,0.001
193,0.6134,0.001
194,0.6122,0.001
195,0.6115,0.001
196,0.6142,0.001
197,0.6166,0.001
198,0.6211,0.001
199,0.6159,0.001
200,0.6473,0.0001
201,0.6638,0.0002
202,0.6785,0.00030000000000000003
203,0.6778,0.0004
204,0.6771,0.0005
205,0.672,0.0006000000000000001
206,0.6671,0.0007000000000000001
207,0.6533,0.0008
208,0.6694,0.0009
209,0.6579,0.001
210,0.6601,0.001
211,0.666,0.001
212,0.6592,0.001
213,0.6565,0.001
214,0.668,0.001
215,0.6675,0.001
216,0.6609,0.001
217,0.6697,0.001
218,0.6577,0.001
219,0.6633,0.001
220,0.6693,0.001
221,0.6658,0.001
222,0.6454,0.001
223,0.6623,0.001
224,0.6534,0.001
225,0.6679,0.001
226,0.663,0.001
227,0.6724,0.001
228,0.6662,0.001
229,0.6694,0.001
230,0.6678,0.001
231,0.6622,0.001
232,0.6644,0.001
233,0.6679,0.001
234,0.6753,0.001
235,0.6616,0.001
236,0.6641,0.001
237,0.6531,0.001
238,0.6636,0.001
239,0.6587,0.001
240,0.6739,0.001
241,0.6821,0.001
242,0.6782,0.001
243,0.6803,0.001
244,0.6695,0.001
245,0.6721,0.001
246,0.6642,0.001
247,0.6749,0.001
248,0.6666,0.001
249,0.673,0.001
250,0.6744,0.001
251,0.6718,0.001
252,0.6697,0.001
253,0.6698,0.001
254,0.6685,0.001
255,0.6615,0.001
256,0.6743,0.001
257,0.6744,0.001
258,0.6685,0.001
259,0.6705,0.001
260,0.6766,0.001
261,0.6765,0.001
262,0.6757,0.001
263,0.6634,0.001
264,0.6597,0.001
265,0.6751,0.001
266,0.6757,0.001
267,0.677,0.001
268,0.6747,0.001
269,0.6751,0.001
270,0.6574,0.001
271,0.675,0.001
272,0.6738,0.001
273,0.6766,0.001
274,0.6794,0.001
275,0.6669,0.001
276,0.678,0.001
277,0.6778,0.001
278,0.6692,0.001
279,0.6799,0.001
280,0.6778,0.001
281,0.6788,0.001
282,0.6724,0.001
283,0.6677,0.001
284,0.6662,0.001
285,0.6687,0.001
286,0.6635,0.001
287,0.6599,0.001
288,0.6719,0.001
289,0.6652,0.001
290,0.6778,0.001
291,0.6625,0.001
292,0.6771,0.001
293,0.6789,0.001
294,0.6764,0.001
295,0.6812,0.001
296,0.6797,0.001
297,0.6806,0.001
298,0.6773,0.001
299,0.6712,0.001
300,0.6836,0.0001
301,0.6912,0.0002
302,0.7044,0.00030000000000000003
303,0.7012,0.0004
304,0.704,0.0005
305,0.7068,0.0006000000000000001
306,0.7072,0.0007000000000000001
307,0.6948,0.0008
308,0.6918,0.0009
309,0.6833,0.001
310,0.6968,0.001
311,0.6885,0.001
312,0.6995,0.001
313,0.6979,0.001
314,0.7037,0.001
315,0.7029,0.001
316,0.7036,0.001
317,0.6929,0.001
318,0.6835,0.001
319,0.6919,0.001
320,0.6898,0.001
321,0.7061,0.001
322,0.6976,0.001
323,0.6924,0.001
324,0.708,0.001
325,0.7016,0.001
326,0.7043,0.001
327,0.7022,0.001
328,0.7018,0.001
329,0.6928,0.001
330,0.6956,0.001
331,0.6907,0.001
332,0.6975,0.001
333,0.6952,0.001
334,0.6984,0.001
335,0.6957,0.001
336,0.7041,0.001
337,0.6941,0.001
338,0.6886,0.001
339,0.6953,0.001
340,0.6933,0.001
341,0.6995,0.001
342,0.6927,0.001
343,0.6931,0.001
344,0.7018,0.001
345,0.6996,0.001
346,0.704,0.001
347,0.6951,0.001
348,0.7014,0.001
349,0.6915,0.001
350,0.7045,0.001
351,0.7043,0.001
352,0.7042,0.001
353,0.677,0.001
354,0.6926,0.001
355,0.6985,0.001
356,0.7068,0.001
357,0.6931,0.001
358,0.6997,0.001
359,0.6979,0.001
360,0.704,0.001
361,0.6987,0.001
362,0.6966,0.001
363,0.7001,0.001
364,0.7075,0.001
365,0.7063,0.001
366,0.7029,0.001
367,0.7017,0.001
368,0.6975,0.001
369,0.6982,0.001
370,0.7063,0.001
371,0.7017,0.001
372,0.7153,0.001
373,0.7135,0.001
374,0.7067,0.001
375,0.7064,0.001
376,0.7,0.001
377,0.7037,0.001
378,0.7024,0.001
379,0.6904,0.001
380,0.7017,0.001
381,0.6983,0.001
382,0.7079,0.001
383,0.7063,0.001
384,0.7104,0.001
385,0.7057,0.001
386,0.7072,0.001
387,0.7036,0.001
388,0.6958,0.001
389,0.7041,0.001
390,0.7026,0.001
391,0.7045,0.001
392,0.7053,0.001
393,0.7119,0.001
394,0.7111,0.001
395,0.7095,0.001
396,0.707,0.001
397,0.707,0.001
398,0.7007,0.001
399,0.712,0.001
400,0.7246,0.0001
401,0.7317,0.0002
402,0.7373,0.00030000000000000003
403,0.7347,0.0004
404,0.7368,0.0005
405,0.734,0.0006000000000000001
406,0.7357,0.0007000000000000001
407,0.733,0.0008
408,0.7257,0.0009
409,0.7184,0.001
410,0.7296,0.001
411,0.7312,0.001
412,0.7305,0.001
413,0.7248,0.001
414,0.7338,0.001
415,0.7332,0.001
416,0.7278,0.001
417,0.7275,0.001
418,0.7276,0.001
419,0.7343,0.001
420,0.7367,0.001
421,0.7205,0.001
422,0.7252,0.001
423,0.7202,0.001
424,0.7235,0.001
425,0.7318,0.001
426,0.7275,0.001
427,0.7371,0.001
428,0.7318,0.001
429,0.7248,0.001
430,0.719,0.001
431,0.7259,0.001
432,0.7227,0.001
433,0.7321,0.001
434,0.7258,0.001
435,0.7335,0.001
436,0.7311,0.001
437,0.7294,0.001
438,0.7261,0.001
439,0.7243,0.001
440,0.7227,0.001
441,0.7241,0.001
442,0.7259,0.001
443,0.7301,0.001
444,0.7396,0.001
445,0.7387,0.001
446,0.7344,0.001
447,0.7366,0.001
448,0.7292,0.001
449,0.7276,0.001
450,0.7226,0.001
451,0.7339,0.001
452,0.7267,0.001
453,0.728,0.001
454,0.7318,0.001
455,0.7314,0.001
456,0.7355,0.001
457,0.7207,0.001
458,0.7237,0.001
459,0.7248,0.001
460,0.7213,0.001
461,0.7187,0.001
462,0.7251,0.001
463,0.7289,0.001
464,0.7244,0.001
465,0.7285,0.001
466,0.7287,0.001
467,0.7277,0.001
468,0.7303,0.001
469,0.7258,0.001
470,0.7246,0.001
471,0.7268,0.001
472,0.7282,0.001
473,0.7289,0.001
474,0.7227,0.001
475,0.7181,0.001
476,0.7221,0.001
477,0.7275,0.001
478,0.7252,0.001
479,0.7274,0.001
480,0.7339,0.001
481,0.7366,0.001
482,0.7282,0.001
483,0.724,0.001
484,0.7261,0.001
485,0.7246,0.001
486,0.7286,0.001
487,0.7284,0.001
488,0.7294,0.001
489,0.7239,0.001
490,0.7259,0.001
491,0.7246,0.001
492,0.7234,0.001
493,0.7222,0.001
494,0.722,0.001
495,0.7294,0.001
496,0.7339,0.001
497,0.7256,0.001
498,0.7327,0.001
499,0.7312,0.001
500,0.7418,0.0001
501,0.7467,0.0002
502,0.7546,0.00030000000000000003
503,0.7539,0.0004
504,0.7554,0.0005
505,0.753,0.0006000000000000001
506,0.7513,0.0007000000000000001
507,0.7521,0.0008
508,0.7443,0.0009
509,0.7271,0.001
510,0.7386,0.001
511,0.7454,0.001
512,0.7448,0.001
513,0.7474,0.001
514,0.7498,0.001
515,0.7476,0.001
516,0.7433,0.001
517,0.7382,0.001
518,0.7424,0.001
519,0.7473,0.001
520,0.7535,0.001
521,0.7513,0.001
522,0.752,0.001
523,0.7535,0.001
524,0.7503,0.001
525,0.7463,0.001
526,0.7369,0.001
527,0.7392,0.001
528,0.742,0.001
529,0.743,0.001
530,0.7415,0.001
531,0.7463,0.001
532,0.7464,0.001
533,0.7441,0.001
534,0.7474,0.001
535,0.7514,0.001
536,0.7432,0.001
537,0.7452,0.001
538,0.7456,0.001
539,0.7498,0.001
540,0.7498,0.001
541,0.7492,0.001
542,0.7516,0.001
543,0.7454,0.001
544,0.7414,0.001
545,0.7301,0.001
546,0.7469,0.001
547,0.7432,0.001
548,0.751,0.001
549,0.7482,0.001
550,0.7533,0.001
551,0.7558,0.001
552,0.7544,0.001
553,0.7537,0.001
554,0.752,0.001
555,0.7542,0.001
556,0.7547,0.001
557,0.7544,0.001
558,0.7559,0.001
559,0.7554,0.001
560,0.7555,0.001
561,0.7556,0.001
562,0.7563,0.001
563,0.7563,0.001
564,0.7563,0.001
565,0.7554,0.001
566,0.7552,0.001
567,0.757,0.001
568,0.7561,0.001
569,0.7553,0.001
570,0.7536,0.001
571,0.7541,0.001
572,0.7527,0.001
573,0.7554,0.001
574,0.7536,0.001
575,0.7549,0.001
576,0.718,0.001
577,0.7418,0.001
578,0.7411,0.001
579,0.7491,0.001
580,0.7494,0.001
581,0.7506,0.001
582,0.7451,0.001
583,0.7486,0.001
584,0.7545,0.001
585,0.7406,0.001
586,0.7451,0.001
587,0.7465,0.001
588,0.7475,0.001
589,0.7482,0.001
590,0.7449,0.001
591,0.7461,0.001
592,0.7459,0.001
593,0.7442,0.001
594,0.743,0.001
595,0.7416,0.001
596,0.7515,0.001
597,0.7564,0.001
598,0.7496,0.001
599,0.7527,0.001
600,0.7572,0.0001
601,0.7608,0.0002
602,0.7658,0.00030000000000000003
603,0.7636,0.0004
604,0.7654,0.0005
605,0.7634,0.0006000000000000001
606,0.7601,0.0007000000000000001
607,0.7632,0.0008
608,0.7616,0.0009
609,0.7616,0.001
610,0.7624,0.001
611,0.7588,0.001
612,0.7422,0.001
613,0.7505,0.001
614,0.7569,0.001
615,0.7581,0.001
616,0.7595,0.001
617,0.7606,0.001
618,0.758,0.001
619,0.7636,0.001
620,0.7583,0.001
621,0.7583,0.001
622,0.759,0.001
623,0.7655,0.001
624,0.7567,0.001
625,0.7583,0.001
626,0.7617,0.001
627,0.7569,0.001
628,0.7545,0.001
629,0.7632,0.001
630,0.7659,0.001
631,0.7615,0.001
632,0.7647,0.001
633,0.764,0.001
634,0.7635,0.001
635,0.7585,0.001
636,0.7574,0.001
637,0.7613,0.001
638,0.7642,0.001
639,0.7635,0.001
640,0.7621,0.001
641,0.7507,0.001
642,0.7506,0.001
643,0.749,0.001
644,0.761,0.001
645,0.7648,0.001
646,0.7621,0.001
647,0.7643,0.001
648,0.7653,0.001
649,0.7636,0.001
650,0.7651,0.001
651,0.7641,0.001
652,0.7655,0.001
653,0.7666,0.001
654,0.7654,0.001
655,0.7666,0.001
656,0.7655,0.001
657,0.7661,0.001
658,0.7661,0.001
659,0.7674,0.001
660,0.7414,0.001
661,0.7568,0.001
662,0.7607,0.001
663,0.7657,0.001
664,0.7649,0.001
665,0.7646,0.001
666,0.7622,0.001
667,0.7606,0.001
668,0.7591,0.001
669,0.7514,0.001
670,0.7555,0.001
671,0.7641,0.001
672,0.7636,0.001
673,0.7648,0.001
674,0.7626,0.001
675,0.7632,0.001
676,0.759,0.001
677,0.764,0.001
678,0.7591,0.001
679,0.7619,0.001
680,0.7661,0.001
681,0.7646,0.001
682,0.7688,0.001
683,0.7611,0.001
684,0.7542,0.001
685,0.7616,0.001
686,0.7694,0.001
687,0.7742,0.001
688,0.7757,0.001
689,0.7764,0.001
690,0.7771,0.001
691,0.7775,0.001
692,0.7789,0.001
693,0.7779,0.001
694,0.7768,0.001
695,0.7777,0.001
696,0.7773,0.001
697,0.7773,0.001
698,0.7765,0.001
699,0.7772,0.001
700,0.7781,0.0001
701,0.7768,0.0002
702,0.7795,0.00030000000000000003
703,0.7788,0.0004
704,0.7808,0.0005
705,0.779,0.0006000000000000001
706,0.779,0.0007000000000000001
707,0.7788,0.0008
708,0.7757,0.0009
709,0.7802,0.001
710,0.7781,0.001
711,0.7777,0.001
712,0.7722,0.001
713,0.7604,0.001
714,0.7706,0.001
715,0.7737,0.001
716,0.7764,0.001
717,0.778,0.001
718,0.7781,0.001
719,0.776,0.001
720,0.7728,0.001
721,0.7711,0.001
722,0.7748,0.001
723,0.7744,0.001
724,0.7721,0.001
725,0.7704,0.001
726,0.7737,0.001
727,0.773,0.001
728,0.7739,0.001
729,0.7756,0.001
730,0.7717,0.001
731,0.7661,0.001
732,0.7685,0.001
733,0.7767,0.001
734,0.7778,0.001
735,0.7801,0.001
736,0.7736,0.001
737,0.7751,0.001
738,0.7776,0.001
739,0.7767,0.001
740,0.7753,0.001
741,0.7693,0.001
742,0.774,0.001
743,0.7766,0.001
744,0.7784,0.001
745,0.7755,0.001
746,0.7783,0.001
747,0.7768,0.001
748,0.7694,0.001
749,0.7711,0.001
750,0.7735,0.001
751,0.7776,0.001
752,0.7828,0.001
753,0.7833,0.001
754,0.7792,0.001
755,0.7813,0.001
756,0.7715,0.001
757,0.7734,0.001
758,0.7732,0.001
759,0.7768,0.001
760,0.7818,0.001
761,0.7782,0.001
762,0.7776,0.001
763,0.7839,0.001
764,0.7863,0.001
765,0.7869,0.001
766,0.7873,0.001
767,0.7872,0.001
768,0.7878,0.001
769,0.7879,0.001
770,0.7869,0.001
771,0.7869,0.001
772,0.787,0.001
773,0.7874,0.001
774,0.7855,0.001
775,0.7887,0.001
776,0.7875,0.001
777,0.7875,0.001
778,0.7892,0.001
779,0.7889,0.001
780,0.789,0.001
781,0.7888,0.001
782,0.7884,0.001
783,0.7886,0.001
784,0.7563,0.001
785,0.7778,0.001
786,0.7818,0.001
787,0.785,0.001
788,0.7855,0.001
789,0.7869,0.001
790,0.7859,0.001
791,0.7867,0.001
792,0.7858,0.001
793,0.7858,0.001
794,0.7854,0.001
795,0.785,0.001
796,0.7862,0.001
797,0.7848,0.001
798,0.7859,0.001
799,0.7867,0.001
800,0.7873,0.0001
801,0.7877,0.0002
802,0.7925,0.00030000000000000003
803,0.7916,0.0004
804,0.7918,0.0005
805,0.7907,0.0006000000000000001
806,0.7909,0.0007000000000000001
807,0.7906,0.0008
808,0.7913,0.0009
809,0.7931,0.001
810,0.7919,0.001
811,0.7926,0.001
812,0.7933,0.001
813,0.7929,0.001
814,0.7938,0.001
815,0.7599,0.001
816,0.7818,0.001
817,0.7828,0.001
818,0.793,0.001
819,0.7926,0.001
820,0.7874,0.001
821,0.7825,0.001
822,0.7797,0.001
823,0.7881,0.001
824,0.7944,0.001
825,0.7931,0.001
826,0.7891,0.001
827,0.7912,0.001
828,0.7847,0.001
829,0.7862,0.001
830,0.7869,0.001
831,0.7873,0.001
832,0.7928,0.001
833,0.785,0.001
834,0.7844,0.001
835,0.7805,0.001
836,0.7841,0.001
837,0.7878,0.001
838,0.7902,0.001
839,0.7911,0.001
840,0.7947,0.001
841,0.7923,0.001
842,0.7928,0.001
843,0.7922,0.001
844,0.7949,0.001
845,0.7937,0.001
846,0.7932,0.001
847,0.7833,0.001
848,0.7741,0.001
849,0.7789,0.001
850,0.782,0.001
851,0.7863,0.001
852,0.7856,0.001
853,0.7853,0.001
854,0.7874,0.001
855,0.7798,0.001
856,0.7872,0.001
857,0.7853,0.001
858,0.7887,0.001
859,0.7916,0.001
860,0.7917,0.001
861,0.7921,0.001
862,0.7936,0.001
863,0.7938,0.001
864,0.7918,0.001
865,0.7916,0.001
866,0.7913,0.001
867,0.7937,0.001
868,0.792,0.001
869,0.7927,0.001
870,0.7934,0.001
871,0.7932,0.001
872,0.7936,0.001
873,0.7926,0.001
874,0.7928,0.001
875,0.7936,0.001
876,0.7944,0.001
877,0.7934,0.001
878,0.7929,0.001
879,0.7921,0.001
880,0.7924,0.001
881,0.7925,0.001
882,0.7934,0.001
883,0.7933,0.001
884,0.7943,0.001
885,0.7931,0.001
886,0.7941,0.001
887,0.7932,0.001
888,0.7935,0.001
889,0.7928,0.001
890,0.7935,0.001
891,0.7934,0.001
892,0.7943,0.001
893,0.7933,0.001
894,0.7929,0.001
895,0.7935,0.001
896,0.7936,0.001
897,0.7928,0.001
898,0.7928,0.001
899,0.7942,0.001
900,0.7936,0.0001
901,0.7923,0.0002
902,0.7946,0.00030000000000000003
903,0.794,0.0004
904,0.7945,0.0005
905,0.7927,0.0006000000000000001
906,0.795,0.0007000000000000001
907,0.793,0.0008
908,0.7949,0.0009
909,0.7938,0.001
910,0.7887,0.001
911,0.7836,0.001
912,0.7871,0.001
913,0.7936,0.001
914,0.7983,0.001
915,0.8027,0.001
916,0.8021,0.001
917,0.7916,0.001
918,0.79,0.001
919,0.7897,0.001
920,0.7967,0.001
921,0.7982,0.001
922,0.7962,0.001
923,0.798,0.001
924,0.7972,0.001
925,0.7985,0.001
926,0.7969,0.001
927,0.788,0.001
928,0.7969,0.001
929,0.794,0.001
930,0.7968,0.001
931,0.7998,0.001
932,0.7909,0.001
933,0.7953,0.001
934,0.791,0.001
935,0.7915,0.001
936,0.7899,0.001
937,0.7912,0.001
938,0.7918,0.001
939,0.7961,0.001
940,0.7931,0.001
941,0.7925,0.001
942,0.7994,0.001
943,0.7981,0.001
944,0.7969,0.001
945,0.7966,0.001
946,0.7946,0.001
947,0.7954,0.001
948,0.7967,0.001
949,0.7958,0.001
950,0.7915,0.001
951,0.7947,0.001
952,0.7854,0.001
953,0.7927,0.001
954,0.7956,0.001
955,0.7969,0.001
956,0.7916,0.001
957,0.7907,0.001
958,0.7892,0.001
959,0.7937,0.001
960,0.7951,0.001
961,0.7971,0.001
962,0.7903,0.001
963,0.7873,0.001
964,0.7913,0.001
965,0.7907,0.001
966,0.7937,0.001
967,0.796,0.001
968,0.7949,0.001
969,0.7917,0.001
970,0.7932,0.001
971,0.7909,0.001
972,0.7959,0.001
973,0.7939,0.001
974,0.7908,0.001
975,0.793,0.001
976,0.7948,0.001
977,0.7951,0.001
978,0.7866,0.001
979,0.7967,0.001
980,0.7915,0.001
981,0.7883,0.001
982,0.7899,0.001
983,0.7952,0.001
984,0.7978,0.001
985,0.7983,0.001
986,0.799,0.001
987,0.7983,0.001
988,0.7981,0.001
989,0.7982,0.001
990,0.7985,0.001
991,0.7996,0.001
992,0.7983,0.001
993,0.7991,0.001
994,0.7993,0.001
995,0.7951,0.001
996,0.7889,0.001
997,0.7974,0.001
998,0.8022,0.001
999,0.8002,0.001
